strategy,N,ann_return,ann_vol,ann_sharpe,cum_return,max_drawdown,avg_weight,turnover,CEQ_gamma3_ann
A: SOP + Markowitz,179,0.131724795765632,0.14082743156196287,0.8726294684459758,5.333358416973627,-0.23670511272957295,0.9410957740095771,0.004327068811043363,0.0931416185260187
B: SOP + vol-managed,179,0.12518532988994724,0.1172456927176013,0.972406159363116,4.80887788179905,-0.18308465294544485,0.888202201654313,0.10251789363073882,0.09339060506614547
C: VIX-SOP + Markowitz,179,0.1230817473968655,0.1400489308204098,0.8213560904653646,4.648974160482818,-0.23670511272957306,0.8784389849771735,0.05739011613188671,0.08560948775659621
D: VIX-SOP + vol-managed,179,0.11817127397869309,0.11390231514802945,0.9421091966909124,4.2915463372024325,-0.18308465294544507,0.8272021147081724,0.12892580274858137,0.08784781253122366
Historical mean + Markowitz,179,0.13488513969542404,0.14088613158169416,0.8923327347280615,5.60236172613946,-0.23670511272957295,0.9557864566736181,0.003776937458620219,0.09594395397146901
Buy-and-hold equity,179,0.14323719915136324,0.14568463843999996,0.9184447059688303,6.365470824130772,-0.23670511272957295,1.0,0.0,0.10196726410011084
