comparison,N,mean_loss_diff,t_stat,p_value
ms_enh_VIXCLS vs ms_enh_dfy,179,3.810070947918694e-05,1.2758121544199859,0.20368428310993725
ms_enh_VIXCLS vs ms_enh_ntis,179,2.1547424256092245e-05,0.7193365308203877,0.4728769361458933
ms_enh_VIXCLS vs ms_enh_tbl,179,3.811923409396319e-05,1.228886831985064,0.2207363849736952
ms_enh_VIXCLS vs ms_enh_tms,179,3.25222426151444e-05,1.0951323320867359,0.274938262089921
