comparison,N,sharpe_strategy,sharpe_benchmark,sharpe_diff,mean_excess_diff_monthly,t_stat,p_value
ret_B_SOP_VolManaged vs ret_A_SOP_Markowitz,179,0.9561780922159576,0.8257972331816288,0.13038085903432883,-0.0003558342581151572,-0.27140302985770615,0.7863955728432277
ret_C_VIX_Markowitz vs ret_A_SOP_Markowitz,179,0.8012674132933376,0.8257972331816288,-0.02452981988829117,-0.00027161767426955445,-0.25992567512475406,0.7952215117339501
ret_D_VIX_VolManaged vs ret_A_SOP_Markowitz,179,0.9504808317471375,0.8257972331816288,0.1246835985655087,-0.0003814709562289522,-0.29772248761691805,0.7662621782950549
ret_A_SOP_Markowitz vs ret_HM_Markowitz,179,0.8257972331816288,0.8647850687078074,-0.03898783552617857,-0.0008310899364992622,-1.6273678069170379,0.10542784911660386
